﻿[
  {
    "title": "Plnkr",
    "description": "Plunker is a web based editor and development environment. With it you can create, edit and run HTML, css and JavaScript files directly from your browser. No setup required, everyone can code in the browser instantly",
    "topics": [
      "HTML5/CSS3",
      "JavaScript",
      "jQuery",
      "Angular",
      "Bootstrap",
      "MEAN Stack"
    ],
    "cost": "free",
    "features": [
      "Editor"
    ],
    "url": "https://plnkr.co/",
    "icon": "/images/vlabs/plnkr.png"
  },
  {
    "title": "JS Bin",
    "description": "Can code without creating login",
    "topics": [
      "HTML5/CSS3",
      "JavaScript",
      "jQuery",
      "Angular",
      "Bootstrap",
      "MEAN Stack"
    ],
    "cost": "free",
    "features": [
      "Editor"
    ],
    "url": "https://jsbin.com/",
    "icon": "/images/vlabs/jsbin.jpg"
  },
  {
    "title": "Tutorials Point - Coding Ground",
    "description": "Free Online IDE and Terminal - Edit, Compile, Execute Programs Online to experience the best cloud computing. Execute variety of projects with the help of simple clicks",
    "topics": [
      "HTML5/CSS3",
      "JavaScript",
      "jQuery",
      "Angular",
      "Bootstrap",
      "MEAN Stack"
    ],
    "cost": "free",
    "features": [
      "Editor and Tutorial"
    ],
    "url": "http://www.tutorialspoint.com/codingground.htm",
    "icon": "/images/vlabs/tutspoint1.png"
  },
  {
    "title": "repl.it",
    "description": "Free onine IDE accessible without login. ",
    "topics": [
      "HTML5/CSS3",
      "JavaScript",
      "Angular",
      "NodeJS"
    ],
    "cost": "free",
    "features": [
      "Editor"
    ],
    "url": "https://repl.it/languages",
    "icon": "/images/vlabs/replit.png"
  }
]
