﻿[
  {
    "title": "TutorialsPoint Coding Ground",
    "description": "Free Online IDE and Terminal - Edit, Compile, Execute Programs Online to experience the best cloud computing. Execute variety of projects with the help of simple clicks",
    "topics": [
      "C#"
    ],
    "cost": "free",
    "features": [
      "Editor"
    ],
    "url": "http://www.tutorialspoint.com/codingground.htm",
    "icon": "/images/vlabs/tutspoint1.png"
  },
  {
    "title": "Dotnet Fiddle",
    "description": "Inspired by http://jsfiddle.net, this tool allows to test simple code or try out samples from other developers",
    "topics": [
      "C#",
      "ASP.NET"
    ],
    "cost": "free",
    "features": [
      "Editor"
    ],
    "url": "https://dotnetfiddle.net/",
    "icon": "/images/vlabs/dotnetfiddle.png"
  }
]
