﻿[
  {
    "title": "Title-1",
    "description": "Description-1",
    "topics": [
      "Topic-1",
      "Topic-2",
      "Topic-3",
      "Topic-4",
      "Topic-5",
      "Topic-6"
    ],
    "cost": "free",
    "features": [
      "Editor"
    ],
    "url": "URL-1",
    "icon": "http://placehold.it/120x120"
  },
  {
    "title": "Title-2",
    "description": "Description-2",
    "topics": [
      "Topic-1",
      "Topic-2",
      "Topic-3",
      "Topic-4",
      "Topic-5",
      "Topic-6"
    ],
    "cost": "free",
    "features": [
      "Editor"
    ],
    "url": "URL-2",
    "icon": "http://placehold.it/120x120"
  },
  {
    "title": "Title-3",
    "description": "Description-3",
    "topics": [
      "Topic-1",
      "Topic-2",
      "Topic-3",
      "Topic-4",
      "Topic-5",
      "Topic-6"
    ],
    "cost": "free",
    "features": [
      "Editor and Tutorial"
    ],
    "url": "URL-3",
    "icon": "http://placehold.it/120x120"
  },
  {
    "title": "Title-4",
    "description": "Description-4",
    "topics": [
      "Topic-1",
      "Topic-2",
      "Topic-3",
      "Topic-4",
      "Topic-5",
      "Topic-6"
    ],
    "cost": "free",
    "features": [
      "Editor"
    ],
    "url": "URL-4",
    "icon": "http://placehold.it/120x120"
  },
  {
    "title": "Title-5",
    "description": "Description-5",
    "topics": [
      "Topic-1",
      "Topic-2",
      "Topic-3",
      "Topic-4",
      "Topic-5",
      "Topic-6"
    ],
    "cost": "paid",
    "features": [
      "Editor"
    ],
    "url": "URL-5",
    "icon": "http://placehold.it/120x120"
  }
]
