{
    "$schema": "https://schema.management.azure.com/schemas/2015-01-01/deploymentParameters.json#",
    "contentVersion": "1.0.0.0",
    "parameters": {
        "extensions_Microsoft.Insights.VMDiagnosticsSettings_storageAccountName": {
            "value": null
        },
        "extensions_Microsoft.Insights.VMDiagnosticsSettings_storageAccountKey": {
            "value": null
        },
        "extensions_Microsoft.Insights.VMDiagnosticsSettings_storageAccountEndPoint": {
            "value": null
        },
        "virtualMachines_jumphost_name": {
            "value": null
        },
        "virtualMachines_unixhost_name": {
            "value": null
        },
        "virtualNetworks_contosonet_name": {
            "value": null
        },
        "networkInterfaces_jumphostNic_name": {
            "value": null
        },
        "networkInterfaces_unixhostNic_name": {
            "value": null
        },
        "networkSecurityGroups_dontCry_name": {
            "value": null
        },
        "virtualMachineScaleSets_vmsslab_name": {
            "value": null
        },
        "autoscalesettings_CPUautoscale_name": {
            "value": null
        },
        "publicIPAddresses_jumphostPublicIP_name": {
            "value": null
        },
        "storageAccounts_sa7885172291571076_name": {
            "value": null
        },
        "loadBalancers_ldbunixlabdpxg6ccaclnp4_name": {
            "value": null
        },
        "publicIPAddresses_pipunixlabdpxg6ccaclnp4_name": {
            "value": null
        },
        "subnets_Subnet_1_name": {
            "value": null
        },
        "subnets_Subnet_2_name": {
            "value": null
        },
        "securityRules_rdp_rule_name": {
            "value": null
        },
        "securityRules_web_rule_name": {
            "value": null
        },
        "extensions_Microsoft.Insights.VMDiagnosticsSettings_name": {
            "value": null
        },
        "virtualMachines_unixhost_id": {
            "value": null
        },
        "loadBalancers_ldbunixlabdpxg6ccaclnp4_id": {
            "value": null
        },
        "loadBalancers_ldbunixlabdpxg6ccaclnp4_id_1": {
            "value": null
        },
        "loadBalancers_ldbunixlabdpxg6ccaclnp4_id_2": {
            "value": null
        },
        "loadBalancers_ldbunixlabdpxg6ccaclnp4_id_3": {
            "value": null
        },
        "loadBalancers_ldbunixlabdpxg6ccaclnp4_id_4": {
            "value": null
        },
        "loadBalancers_ldbunixlabdpxg6ccaclnp4_id_5": {
            "value": null
        },
        "loadBalancers_ldbunixlabdpxg6ccaclnp4_id_6": {
            "value": null
        },
        "loadBalancers_ldbunixlabdpxg6ccaclnp4_id_7": {
            "value": null
        },
        "loadBalancers_ldbunixlabdpxg6ccaclnp4_id_8": {
            "value": null
        },
        "loadBalancers_ldbunixlabdpxg6ccaclnp4_id_9": {
            "value": null
        },
        "loadBalancers_ldbunixlabdpxg6ccaclnp4_id_10": {
            "value": null
        },
        "loadBalancers_ldbunixlabdpxg6ccaclnp4_id_11": {
            "value": null
        }
    }
}